{"playerPosition":{"x":95.33634948730469,"y":1.0800001621246338,"z":29.724685668945314},"elapsedTime":31.1795654296875,"keyCount":0,"checkPoints":[]}