{"playerPosition":{"x":41.556705474853519,"y":1.148987889289856,"z":-47.229644775390628},"elapsedTime":0.0}