{"playerPosition":{"x":95.99593353271485,"y":1.0800001621246338,"z":-3.1462643146514894},"elapsedTime":146.9837646484375}